{"version":6,"validation":{"int8":{"confusion_matrix":[[1056,0,0,0],[3,908,2,0],[3,4,781,6],[1,0,2,640]],"classification_report":{"0":{"precision":0.993414863593603,"recall":1,"f1-score":0.9966965549787636,"support":1056},"1":{"precision":0.9956140350877193,"recall":0.9945235487404163,"f1-score":0.9950684931506849,"support":913},"2":{"precision":0.9949044585987261,"recall":0.9836272040302267,"f1-score":0.9892336922102597,"support":794},"3":{"precision":0.9907120743034056,"recall":0.995334370139969,"f1-score":0.9930178432893716,"support":643},"accuracy":0.9938344098649442,"macro avg":{"precision":0.9936613578958635,"recall":0.993371280727653,"f1-score":0.99350414590727,"support":3406},"weighted avg":{"precision":0.9938413722532033,"recall":0.9938344098649442,"f1-score":0.9938259310493723,"support":3406}},"roc_auc":0.9993016128789022,"loss":0.04637015467702964,"support":3406,"weighted_average":{"precision":0.9938413722532033,"recall":0.9938344098649442,"f1-score":0.9938259310493723},"class_names":["Crowd Noise","Defect1","Defect2","Normal Mode"]},"float32":{"confusion_matrix":[[1056,0,0,0],[3,907,3,0],[2,3,783,6],[1,0,2,640]],"classification_report":{"0":{"precision":0.9943502824858758,"recall":1,"f1-score":0.9971671388101983,"support":1056},"1":{"precision":0.9967032967032967,"recall":0.9934282584884995,"f1-score":0.9950630828304992,"support":913},"2":{"precision":0.9936548223350253,"recall":0.9861460957178841,"f1-score":0.9898862199747156,"support":794},"3":{"precision":0.9907120743034056,"recall":0.995334370139969,"f1-score":0.9930178432893716,"support":643},"accuracy":0.994128009395185,"macro avg":{"precision":0.9938551189569008,"recall":0.9937271810865882,"f1-score":0.9937835712261962,"support":3406},"weighted avg":{"precision":0.99413206133479,"recall":0.994128009395185,"f1-score":0.9941224970941884,"support":3406}},"roc_auc":0.9996845771285416,"loss":0.024565589521611492,"support":3406,"weighted_average":{"precision":0.99413206133479,"recall":0.994128009395185,"f1-score":0.9941224970941884},"class_names":["Crowd Noise","Defect1","Defect2","Normal Mode"]}},"test":{"int8":{"confusion_matrix":[[1278,0,0,0],[1,1061,0,0],[4,1,973,3],[1,0,1,844]],"classification_report":{"0":{"precision":0.9953271028037384,"recall":1,"f1-score":0.9976580796252927,"support":1278},"1":{"precision":0.9990583804143126,"recall":0.9990583804143126,"f1-score":0.9990583804143126,"support":1062},"2":{"precision":0.9989733059548255,"recall":0.9918450560652395,"f1-score":0.9953964194373401,"support":981},"3":{"precision":0.9964580873671782,"recall":0.9976359338061466,"f1-score":0.9970466627288835,"support":846},"accuracy":0.9973602111831054,"macro avg":{"precision":0.9974542191350138,"recall":0.9971348425714247,"f1-score":0.9972898855514571,"support":4167},"weighted avg":{"precision":0.9973660648998065,"recall":0.9973602111831054,"f1-score":0.9973583849046773,"support":4167}},"roc_auc":0.9996371785640679,"loss":0.025019583106868873,"support":4167,"weighted_average":{"precision":0.9973660648998065,"recall":0.9973602111831054,"f1-score":0.9973583849046773},"class_names":["Crowd Noise","Defect1","Defect2","Normal Mode"]},"float32":{"confusion_matrix":[[1278,0,0,0],[1,1061,0,0],[3,1,974,3],[1,0,1,844]],"classification_report":{"0":{"precision":0.9961028838659393,"recall":1,"f1-score":0.9980476376415464,"support":1278},"1":{"precision":0.9990583804143126,"recall":0.9990583804143126,"f1-score":0.9990583804143126,"support":1062},"2":{"precision":0.9989743589743589,"recall":0.9928644240570846,"f1-score":0.9959100204498976,"support":981},"3":{"precision":0.9964580873671782,"recall":0.9976359338061466,"f1-score":0.9970466627288835,"support":846},"accuracy":0.9976001919846412,"macro avg":{"precision":0.9976484276554471,"recall":0.9973896845693859,"f1-score":0.99751567530866,"support":4167},"weighted avg":{"precision":0.9976042413360088,"recall":0.9976001919846412,"f1-score":0.9975987731307611,"support":4167}},"roc_auc":0.9997449326915783,"loss":0.014796221371285957,"support":4167,"weighted_average":{"precision":0.9976042413360088,"recall":0.9976001919846412,"f1-score":0.9975987731307611},"class_names":["Crowd Noise","Defect1","Defect2","Normal Mode"]}}}